{"cameraMode":{"drawMode":0,"name":"Shaded","section":"Shading Mode"},"sceneLighting":false,"audioPlay":false,"sceneViewState":{"m_AlwaysRefresh":false,"showFog":true,"showSkybox":false,"showFlares":true,"showImageEffects":true,"showParticleSystems":true,"showVisualEffectGraphs":true,"m_FxEnabled":true},"in2DMode":false,"pivot":{"x":0.1828920841217041,"y":1.0117273330688477,"z":-0.34319043159484866},"rotation":{"x":-0.07119245082139969,"y":0.9040720462799072,"z":-0.1662038117647171,"w":-0.3872527480125427},"size":1.6256968975067139,"orthographic":false}