{"cameraMode":{"drawMode":0,"name":"Shaded","section":"Shading Mode"},"sceneLighting":false,"audioPlay":false,"sceneViewState":{"m_AlwaysRefresh":false,"showFog":true,"showSkybox":false,"showFlares":true,"showImageEffects":true,"showParticleSystems":true,"showVisualEffectGraphs":true,"m_FxEnabled":true},"in2DMode":false,"pivot":{"x":-0.00013065338134765625,"y":-0.04725944995880127,"z":-0.3611699342727661},"rotation":{"x":0.03110320493578911,"y":0.9540551900863648,"z":-0.10663554072380066,"w":0.2782723605632782},"size":1.1510655879974366,"orthographic":false}