{"cameraMode":{"drawMode":0,"name":"Shaded","section":"Shading Mode"},"sceneLighting":true,"audioPlay":false,"sceneViewState":{"m_AlwaysRefresh":false,"showFog":true,"showSkybox":true,"showFlares":true,"showImageEffects":true,"showParticleSystems":true,"showVisualEffectGraphs":true,"m_FxEnabled":true},"in2DMode":false,"pivot":{"x":6.873411655426025,"y":3.1345901489257814,"z":-168.6877899169922},"rotation":{"x":0.14606647193431855,"y":-0.5310055017471314,"z":0.09350084513425827,"w":0.8294401168823242},"size":2.4010658264160158,"orthographic":false}