{"cameraMode":{"drawMode":0,"name":"Shaded","section":"Shading Mode"},"sceneLighting":true,"audioPlay":false,"sceneViewState":{"m_AlwaysRefresh":false,"showFog":true,"showSkybox":true,"showFlares":true,"showImageEffects":true,"showParticleSystems":true,"showVisualEffectGraphs":true,"m_FxEnabled":true},"in2DMode":false,"pivot":{"x":27.47615623474121,"y":27.621807098388673,"z":-177.22735595703126},"rotation":{"x":0.24409504234790803,"y":-0.5489930510520935,"z":0.1748608648777008,"w":0.7800639867782593},"size":2.4010658264160158,"orthographic":false}